Make,Country
ACURA,Japan
ALFA ROMEO,Italy
ASTON MARTIN,UK
AUDI,Germany
BENTLEY,UK
BMW,Germany
BUGATTI,France
BUICK,US
CADILLAC,US
CHEVROLET,US
CHRYSLER,US
DODGE,US
FIAT,Italy
FORD,US
GENESIS,South Korea
GMC,US
HONDA,Japan
HYUNDAI,South Korea
INFINITI,Japan
JAGUAR,India
JEEP,US
KIA,South Korea
LAMBORGHINI,Italy
LAND ROVER,India
LEXUS,Japan
LINCOLN,US
MASERATI,Italy
MAZDA,Japan
MERCEDES-BENZ,Germany
MINI,UK
MITSUBISHI,Japan
NISSAN,Japan
PORSCHE,Germany
RAM,US
ROLLS-ROYCE,UK
SCION,Japan
SMART,Germany
SRT,US
SUBARU,Japan
TOYOTA,Japan
VOLKSWAGEN,Germany
VOLVO,Sweden
